track_id,entry_time,exit_time,duration_seconds
2,2025-12-17 09:01:48,2025-12-17 09:02:43,54.98
4,2025-12-17 09:02:09,2025-12-17 09:02:51,42.39
3,2025-12-17 09:01:57,2025-12-17 09:03:01,64.19
5,2025-12-17 09:02:14,2025-12-17 09:03:02,48.03
7,2025-12-17 09:03:15,2025-12-17 09:04:00,45.74
8,2025-12-17 09:03:22,2025-12-17 09:04:08,46.46
9,2025-12-17 09:04:32,2025-12-17 09:05:49,76.92
10,2025-12-17 09:04:37,2025-12-17 09:05:54,76.76
11,2025-12-17 09:05:08,2025-12-17 09:05:54,45.94
0,2025-12-17 09:01:45,2025-12-17 09:06:04,258.91
12,2025-12-17 09:05:59,2025-12-17 09:06:33,33.87
13,2025-12-17 09:07:11,2025-12-17 09:08:00,49.75
15,2025-12-17 09:08:13,2025-12-17 09:08:54,41.26
14,2025-12-17 09:07:39,2025-12-17 09:09:13,93.24
16,2025-12-17 09:08:40,2025-12-17 09:09:17,37.71
17,2025-12-17 09:09:46,2025-12-17 09:10:45,59.53
6,2025-12-17 09:02:22,2025-12-17 09:10:46,504.9
18,2025-12-17 09:10:46,2025-12-17 09:11:22,35.54
20,2025-12-17 09:11:32,2025-12-17 09:12:31,58.61
19,2025-12-17 09:11:05,2025-12-17 09:13:01,116.3
22,2025-12-17 09:13:18,2025-12-17 09:13:50,32.07
21,2025-12-17 09:12:04,2025-12-17 09:14:31,147.26
25,2025-12-17 09:14:04,2025-12-17 09:14:31,26.94
24,2025-12-17 09:14:01,2025-12-17 09:14:39,38.0
27,2025-12-17 09:14:46,2025-12-17 09:15:21,34.99
28,2025-12-17 09:14:50,2025-12-17 09:15:23,33.24
30,2025-12-17 09:15:21,2025-12-17 09:15:51,29.63
23,2025-12-17 09:13:33,2025-12-17 09:15:57,143.67
29,2025-12-17 09:15:21,2025-12-17 09:15:57,35.32
31,2025-12-17 09:15:32,2025-12-17 09:16:06,34.55
32,2025-12-17 09:16:17,2025-12-17 09:16:55,38.66
33,2025-12-17 09:18:13,2025-12-17 09:18:47,33.97
26,2025-12-17 09:14:46,2025-12-17 09:18:51,245.01
35,2025-12-17 09:19:11,2025-12-17 09:20:05,54.03
36,2025-12-17 09:19:30,2025-12-17 09:20:17,47.64
37,2025-12-17 09:20:09,2025-12-17 09:20:35,25.88
38,2025-12-17 09:20:40,2025-12-17 09:21:13,33.05
40,2025-12-17 09:21:40,2025-12-17 09:22:02,21.57
34,2025-12-17 09:18:20,2025-12-17 09:22:18,237.53
41,2025-12-17 09:21:57,2025-12-17 09:22:20,22.98
42,2025-12-17 09:22:33,2025-12-17 09:23:10,36.76
43,2025-12-17 09:22:59,2025-12-17 09:23:24,25.3
44,2025-12-17 09:23:48,2025-12-17 09:24:16,28.03
39,2025-12-17 09:21:30,2025-12-17 09:24:18,167.8
47,2025-12-17 09:23:56,2025-12-17 09:24:29,33.0
48,2025-12-17 09:24:06,2025-12-17 09:24:40,33.81
1,2025-12-17 09:01:45,2025-12-17 09:24:41,1375.91
49,2025-12-17 09:25:51,2025-12-17 09:26:12,21.32
50,2025-12-17 09:25:54,2025-12-17 09:26:16,21.87
52,2025-12-17 09:26:45,2025-12-17 09:27:09,24.1
51,2025-12-17 09:26:31,2025-12-17 09:27:11,40.23
53,2025-12-17 09:26:47,2025-12-17 09:27:11,24.12
54,2025-12-17 09:26:53,2025-12-17 09:27:15,21.89
46,2025-12-17 09:23:54,2025-12-17 09:28:01,247.66
56,2025-12-17 09:27:56,2025-12-17 09:28:22,25.76
60,2025-12-17 09:28:32,2025-12-17 09:28:53,21.68
57,2025-12-17 09:27:57,2025-12-17 09:29:00,63.04
59,2025-12-17 09:28:32,2025-12-17 09:29:28,56.79
58,2025-12-17 09:28:32,2025-12-17 09:29:40,68.16
61,2025-12-17 09:29:03,2025-12-17 09:29:48,44.64
55,2025-12-17 09:27:37,2025-12-17 09:30:23,165.66
65,2025-12-17 09:30:00,2025-12-17 09:30:23,23.3
63,2025-12-17 09:29:58,2025-12-17 09:30:24,25.93
66,2025-12-17 09:30:35,2025-12-17 09:31:00,24.63
67,2025-12-17 09:30:46,2025-12-17 09:31:17,30.53
70,2025-12-17 09:31:03,2025-12-17 09:31:21,18.13
69,2025-12-17 09:31:03,2025-12-17 09:31:28,24.21
68,2025-12-17 09:30:50,2025-12-17 09:31:35,44.59
71,2025-12-17 09:31:09,2025-12-17 09:31:36,27.32
72,2025-12-17 09:31:42,2025-12-17 09:32:00,17.8
62,2025-12-17 09:29:56,2025-12-17 09:32:08,132.52
74,2025-12-17 09:32:08,2025-12-17 09:32:32,23.78
76,2025-12-17 09:32:20,2025-12-17 09:32:51,30.57
79,2025-12-17 09:32:37,2025-12-17 09:33:01,24.46
73,2025-12-17 09:32:08,2025-12-17 09:33:06,57.9
80,2025-12-17 09:32:54,2025-12-17 09:33:23,29.35
75,2025-12-17 09:32:15,2025-12-17 09:33:24,68.58
81,2025-12-17 09:33:16,2025-12-17 09:33:42,25.21
84,2025-12-17 09:33:48,2025-12-17 09:34:11,23.07
83,2025-12-17 09:33:47,2025-12-17 09:34:14,26.57
78,2025-12-17 09:32:35,2025-12-17 09:34:14,98.81
82,2025-12-17 09:33:31,2025-12-17 09:34:14,42.66
86,2025-12-17 09:34:15,2025-12-17 09:34:37,22.15
85,2025-12-17 09:34:15,2025-12-17 09:34:38,23.3
77,2025-12-17 09:32:24,2025-12-17 09:34:46,141.23
89,2025-12-17 09:34:27,2025-12-17 09:34:50,22.24
88,2025-12-17 09:34:21,2025-12-17 09:34:52,30.9
90,2025-12-17 09:34:55,2025-12-17 09:35:13,18.59
91,2025-12-17 09:35:16,2025-12-17 09:35:35,18.14
64,2025-12-17 09:29:58,2025-12-17 09:36:18,379.35
94,2025-12-17 09:36:12,2025-12-17 09:36:35,22.91
93,2025-12-17 09:36:10,2025-12-17 09:36:42,31.73
95,2025-12-17 09:36:38,2025-12-17 09:37:01,22.61
92,2025-12-17 09:35:53,2025-12-17 09:37:10,77.36
97,2025-12-17 09:36:56,2025-12-17 09:37:50,54.42
98,2025-12-17 09:37:32,2025-12-17 09:38:18,45.82
100,2025-12-17 09:38:16,2025-12-17 09:38:34,17.93
99,2025-12-17 09:38:03,2025-12-17 09:38:38,34.9
87,2025-12-17 09:34:15,2025-12-17 09:39:30,315.06
102,2025-12-17 09:38:56,2025-12-17 09:39:36,39.31
103,2025-12-17 09:39:24,2025-12-17 09:39:50,25.45
105,2025-12-17 09:39:33,2025-12-17 09:39:52,18.39
101,2025-12-17 09:38:54,2025-12-17 09:39:57,62.41
104,2025-12-17 09:39:32,2025-12-17 09:40:03,31.15
96,2025-12-17 09:36:49,2025-12-17 09:40:16,206.48
109,2025-12-17 09:40:55,2025-12-17 09:41:25,30.3
110,2025-12-17 09:41:01,2025-12-17 09:41:26,25.18
111,2025-12-17 09:41:12,2025-12-17 09:41:51,38.89
106,2025-12-17 09:39:45,2025-12-17 09:42:01,136.43
114,2025-12-17 09:41:47,2025-12-17 09:42:07,19.6
115,2025-12-17 09:41:47,2025-12-17 09:42:16,28.16
112,2025-12-17 09:41:38,2025-12-17 09:42:16,38.77
116,2025-12-17 09:42:11,2025-12-17 09:42:33,22.09
113,2025-12-17 09:41:38,2025-12-17 09:42:41,63.32
117,2025-12-17 09:42:27,2025-12-17 09:42:46,19.2
118,2025-12-17 09:42:29,2025-12-17 09:43:01,31.83
45,2025-12-17 09:23:54,2025-12-17 09:43:27,1173.12
108,2025-12-17 09:40:55,2025-12-17 09:43:59,184.07
107,2025-12-17 09:40:22,2025-12-17 09:44:06,223.91
123,2025-12-17 09:44:38,2025-12-17 09:44:57,18.74
119,2025-12-17 09:43:29,2025-12-17 09:45:07,97.71
126,2025-12-17 09:44:57,2025-12-17 09:45:16,18.79
121,2025-12-17 09:43:39,2025-12-17 09:45:21,102.08
120,2025-12-17 09:43:38,2025-12-17 09:45:30,111.85
127,2025-12-17 09:45:13,2025-12-17 09:45:32,19.17
122,2025-12-17 09:44:34,2025-12-17 09:46:06,92.5
130,2025-12-17 09:45:57,2025-12-17 09:46:16,18.55
129,2025-12-17 09:45:51,2025-12-17 09:46:44,53.85
128,2025-12-17 09:45:48,2025-12-17 09:46:57,69.47
136,2025-12-17 09:46:57,2025-12-17 09:47:21,24.32
135,2025-12-17 09:46:51,2025-12-17 09:47:24,33.06
134,2025-12-17 09:46:48,2025-12-17 09:47:26,38.01
124,2025-12-17 09:44:39,2025-12-17 09:47:36,176.81
137,2025-12-17 09:47:22,2025-12-17 09:47:47,25.26
125,2025-12-17 09:44:39,2025-12-17 09:48:07,208.37
139,2025-12-17 09:47:50,2025-12-17 09:48:14,24.29
131,2025-12-17 09:46:11,2025-12-17 09:48:30,139.65
138,2025-12-17 09:47:45,2025-12-17 09:48:51,65.76
141,2025-12-17 09:48:05,2025-12-17 09:48:53,47.49
140,2025-12-17 09:48:01,2025-12-17 09:48:59,58.3
143,2025-12-17 09:49:02,2025-12-17 09:49:27,25.5
147,2025-12-17 09:49:26,2025-12-17 09:50:25,59.07
142,2025-12-17 09:49:00,2025-12-17 09:50:41,101.15
151,2025-12-17 09:50:21,2025-12-17 09:50:43,21.88
152,2025-12-17 09:50:21,2025-12-17 09:50:45,24.09
144,2025-12-17 09:49:03,2025-12-17 09:51:17,133.5
132,2025-12-17 09:46:18,2025-12-17 09:51:20,302.01
154,2025-12-17 09:51:06,2025-12-17 09:52:08,62.57
156,2025-12-17 09:51:36,2025-12-17 09:52:11,35.35
155,2025-12-17 09:51:07,2025-12-17 09:52:15,68.2
157,2025-12-17 09:51:41,2025-12-17 09:52:20,38.74
158,2025-12-17 09:51:47,2025-12-17 09:52:21,34.13
145,2025-12-17 09:49:13,2025-12-17 09:52:24,190.94
149,2025-12-17 09:50:04,2025-12-17 09:52:26,142.15
160,2025-12-17 09:51:55,2025-12-17 09:52:26,31.37
153,2025-12-17 09:50:24,2025-12-17 09:52:31,127.21
159,2025-12-17 09:51:47,2025-12-17 09:52:51,64.36
133,2025-12-17 09:46:46,2025-12-17 09:53:06,380.16
150,2025-12-17 09:50:21,2025-12-17 09:53:13,172.05
161,2025-12-17 09:52:27,2025-12-17 09:53:14,46.39
148,2025-12-17 09:50:00,2025-12-17 09:53:28,207.99
162,2025-12-17 09:53:17,2025-12-17 09:53:53,35.71
163,2025-12-17 09:53:30,2025-12-17 09:53:54,24.12
165,2025-12-17 09:54:58,2025-12-17 09:55:21,22.67
146,2025-12-17 09:49:15,2025-12-17 09:55:33,378.55
166,2025-12-17 09:55:30,2025-12-17 09:55:52,21.7
168,2025-12-17 09:56:21,2025-12-17 09:56:43,22.79
164,2025-12-17 09:54:03,2025-12-17 09:57:14,191.19
169,2025-12-17 09:56:56,2025-12-17 09:57:19,22.8
171,2025-12-17 09:57:25,2025-12-17 09:57:51,26.08
170,2025-12-17 09:57:22,2025-12-17 09:58:12,49.91
172,2025-12-17 09:57:51,2025-12-17 09:58:18,27.16
173,2025-12-17 09:58:21,2025-12-17 09:58:52,31.68
174,2025-12-17 09:58:32,2025-12-17 09:59:25,53.07
176,2025-12-17 09:58:55,2025-12-17 09:59:38,42.37
177,2025-12-17 09:59:52,2025-12-17 10:00:18,26.16
178,2025-12-17 09:59:57,2025-12-17 10:00:21,23.38
179,2025-12-17 10:00:14,2025-12-17 10:00:42,27.77
180,2025-12-17 10:00:25,2025-12-17 10:00:44,19.03
182,2025-12-17 10:00:39,2025-12-17 10:00:59,20.2
175,2025-12-17 09:58:55,2025-12-17 10:01:26,151.67
167,2025-12-17 09:56:15,2025-12-17 10:01:33,318.13
181,2025-12-17 10:00:28,2025-12-17 10:01:44,75.93
186,2025-12-17 10:01:49,2025-12-17 10:02:23,33.81
185,2025-12-17 10:01:26,2025-12-17 10:02:25,58.58
187,2025-12-17 10:01:49,2025-12-17 10:02:29,39.8
188,2025-12-17 10:02:11,2025-12-17 10:02:29,18.06
190,2025-12-17 10:03:01,2025-12-17 10:03:19,17.77
189,2025-12-17 10:02:43,2025-12-17 10:03:35,52.51
183,2025-12-17 10:00:54,2025-12-17 10:04:52,237.99
191,2025-12-17 10:04:05,2025-12-17 10:04:52,46.63
192,2025-12-17 10:05:02,2025-12-17 10:05:20,17.82
194,2025-12-17 10:05:31,2025-12-17 10:06:07,36.23
184,2025-12-17 10:01:09,2025-12-17 10:06:17,307.4
197,2025-12-17 10:06:08,2025-12-17 10:06:27,18.68
199,2025-12-17 10:06:33,2025-12-17 10:07:01,27.57
193,2025-12-17 10:05:27,2025-12-17 10:07:24,117.34
195,2025-12-17 10:05:40,2025-12-17 10:07:34,113.84
201,2025-12-17 10:07:13,2025-12-17 10:07:36,23.02
203,2025-12-17 10:07:51,2025-12-17 10:08:21,30.27
202,2025-12-17 10:07:47,2025-12-17 10:08:43,55.52
204,2025-12-17 10:08:29,2025-12-17 10:08:47,18.05
196,2025-12-17 10:05:51,2025-12-17 10:08:50,178.86
205,2025-12-17 10:08:38,2025-12-17 10:08:59,20.71
206,2025-12-17 10:08:57,2025-12-17 10:09:24,27.43
207,2025-12-17 10:09:25,2025-12-17 10:09:44,19.46
209,2025-12-17 10:09:37,2025-12-17 10:10:16,39.51
200,2025-12-17 10:06:34,2025-12-17 10:10:27,233.07
210,2025-12-17 10:09:54,2025-12-17 10:10:36,41.97
211,2025-12-17 10:10:16,2025-12-17 10:10:38,21.36
208,2025-12-17 10:09:26,2025-12-17 10:11:46,139.65
198,2025-12-17 10:06:32,2025-12-17 10:11:52,319.47
212,2025-12-17 10:10:58,2025-12-17 10:11:53,55.11
215,2025-12-17 10:11:55,2025-12-17 10:12:13,18.81
216,2025-12-17 10:11:56,2025-12-17 10:12:19,22.34
214,2025-12-17 10:11:48,2025-12-17 10:12:25,37.01
218,2025-12-17 10:12:17,2025-12-17 10:12:35,18.59
217,2025-12-17 10:12:15,2025-12-17 10:12:42,27.25
219,2025-12-17 10:12:37,2025-12-17 10:13:08,31.7
220,2025-12-17 10:12:40,2025-12-17 10:13:54,74.05
222,2025-12-17 10:13:37,2025-12-17 10:13:57,20.06
223,2025-12-17 10:13:40,2025-12-17 10:13:58,17.85
225,2025-12-17 10:14:21,2025-12-17 10:14:41,19.83
227,2025-12-17 10:14:27,2025-12-17 10:14:56,29.7
221,2025-12-17 10:12:43,2025-12-17 10:15:12,149.21
228,2025-12-17 10:14:43,2025-12-17 10:15:20,37.71
226,2025-12-17 10:14:26,2025-12-17 10:15:23,57.14
230,2025-12-17 10:15:39,2025-12-17 10:16:21,41.87
231,2025-12-17 10:15:40,2025-12-17 10:16:26,46.03
229,2025-12-17 10:14:58,2025-12-17 10:16:34,95.52
232,2025-12-17 10:16:11,2025-12-17 10:16:52,40.37
235,2025-12-17 10:16:39,2025-12-17 10:17:00,21.57
213,2025-12-17 10:11:14,2025-12-17 10:17:04,350.16
236,2025-12-17 10:17:03,2025-12-17 10:17:21,18.54
224,2025-12-17 10:14:01,2025-12-17 10:18:20,258.94
237,2025-12-17 10:17:41,2025-12-17 10:18:33,52.19
234,2025-12-17 10:16:38,2025-12-17 10:18:46,128.0
238,2025-12-17 10:18:34,2025-12-17 10:18:53,19.22
241,2025-12-17 10:19:01,2025-12-17 10:19:19,17.57
239,2025-12-17 10:19:00,2025-12-17 10:19:21,20.61
233,2025-12-17 10:16:32,2025-12-17 10:20:00,207.94
242,2025-12-17 10:19:33,2025-12-17 10:20:11,37.88
244,2025-12-17 10:19:53,2025-12-17 10:20:12,19.15
243,2025-12-17 10:19:45,2025-12-17 10:20:15,29.45
246,2025-12-17 10:20:20,2025-12-17 10:20:53,33.33
248,2025-12-17 10:20:29,2025-12-17 10:20:53,23.59
249,2025-12-17 10:20:40,2025-12-17 10:20:59,19.15
250,2025-12-17 10:20:55,2025-12-17 10:21:12,17.63
251,2025-12-17 10:20:58,2025-12-17 10:21:19,21.18
247,2025-12-17 10:20:22,2025-12-17 10:21:26,63.15
252,2025-12-17 10:21:27,2025-12-17 10:22:01,34.0
245,2025-12-17 10:20:19,2025-12-17 10:22:10,111.36
240,2025-12-17 10:19:01,2025-12-17 10:22:51,229.74
255,2025-12-17 10:22:53,2025-12-17 10:23:16,22.7
258,2025-12-17 10:23:03,2025-12-17 10:23:21,18.12
256,2025-12-17 10:22:57,2025-12-17 10:23:37,40.02
253,2025-12-17 10:22:27,2025-12-17 10:23:57,90.4
260,2025-12-17 10:23:43,2025-12-17 10:24:02,19.57
262,2025-12-17 10:24:12,2025-12-17 10:24:30,17.64
261,2025-12-17 10:23:47,2025-12-17 10:24:38,51.73
254,2025-12-17 10:22:50,2025-12-17 10:24:41,111.03
266,2025-12-17 10:24:55,2025-12-17 10:25:13,17.95
264,2025-12-17 10:24:52,2025-12-17 10:25:15,22.63
259,2025-12-17 10:23:37,2025-12-17 10:25:16,98.2
267,2025-12-17 10:24:58,2025-12-17 10:25:16,18.29
257,2025-12-17 10:23:01,2025-12-17 10:25:44,163.12
268,2025-12-17 10:26:05,2025-12-17 10:26:23,18.21
270,2025-12-17 10:26:18,2025-12-17 10:26:36,18.15
263,2025-12-17 10:24:47,2025-12-17 10:26:40,113.25
271,2025-12-17 10:26:20,2025-12-17 10:26:52,32.52
272,2025-12-17 10:26:20,2025-12-17 10:27:06,45.76
273,2025-12-17 10:27:13,2025-12-17 10:27:43,29.7
274,2025-12-17 10:27:17,2025-12-17 10:28:09,52.59
276,2025-12-17 10:28:02,2025-12-17 10:28:20,17.98
269,2025-12-17 10:26:05,2025-12-17 10:29:06,180.72
275,2025-12-17 10:27:25,2025-12-17 10:29:08,103.26
278,2025-12-17 10:29:14,2025-12-17 10:29:33,18.71
277,2025-12-17 10:29:13,2025-12-17 10:29:54,41.84
279,2025-12-17 10:29:37,2025-12-17 10:30:22,45.48
282,2025-12-17 10:30:44,2025-12-17 10:31:04,19.56
281,2025-12-17 10:30:11,2025-12-17 10:31:05,54.19
284,2025-12-17 10:31:20,2025-12-17 10:31:38,17.75
288,2025-12-17 10:31:35,2025-12-17 10:31:52,17.83
286,2025-12-17 10:31:23,2025-12-17 10:32:05,41.39
289,2025-12-17 10:31:44,2025-12-17 10:32:06,22.51
280,2025-12-17 10:30:04,2025-12-17 10:32:26,141.75
287,2025-12-17 10:31:33,2025-12-17 10:32:34,61.49
291,2025-12-17 10:32:37,2025-12-17 10:32:55,17.59
290,2025-12-17 10:32:37,2025-12-17 10:32:56,18.87
296,2025-12-17 10:33:35,2025-12-17 10:33:53,18.72
285,2025-12-17 10:31:21,2025-12-17 10:33:54,152.66
292,2025-12-17 10:33:05,2025-12-17 10:34:00,55.17
294,2025-12-17 10:33:20,2025-12-17 10:34:02,42.38
293,2025-12-17 10:33:18,2025-12-17 10:34:13,55.79
297,2025-12-17 10:33:35,2025-12-17 10:34:13,38.04
299,2025-12-17 10:34:16,2025-12-17 10:34:38,22.07
295,2025-12-17 10:33:22,2025-12-17 10:34:42,80.72
265,2025-12-17 10:24:55,2025-12-17 10:35:10,615.16
302,2025-12-17 10:35:30,2025-12-17 10:35:50,19.93
303,2025-12-17 10:35:32,2025-12-17 10:36:10,38.69
298,2025-12-17 10:34:09,2025-12-17 10:36:12,122.92
304,2025-12-17 10:36:10,2025-12-17 10:37:16,65.61
306,2025-12-17 10:37:21,2025-12-17 10:40:04,162.81
307,2025-12-17 10:38:29,2025-12-17 10:40:13,104.0
283,2025-12-17 10:30:59,2025-12-17 10:41:34,635.6
309,2025-12-17 10:42:29,2025-12-17 10:43:39,70.51
300,2025-12-17 10:35:22,2025-12-17 10:44:28,545.99
301,2025-12-17 10:35:22,2025-12-17 10:45:19,596.27
310,2025-12-17 10:44:42,2025-12-17 10:46:20,98.45
305,2025-12-17 10:36:11,2025-12-17 10:46:27,615.72
312,2025-12-17 10:47:00,2025-12-17 10:49:04,123.63
314,2025-12-17 10:48:38,2025-12-17 10:50:38,119.73
315,2025-12-17 10:49:11,2025-12-17 10:50:47,96.74
313,2025-12-17 10:47:28,2025-12-17 10:50:50,201.96
316,2025-12-17 10:49:40,2025-12-17 10:50:52,72.16
311,2025-12-17 10:46:39,2025-12-17 10:51:14,274.79
308,2025-12-17 10:41:54,2025-12-17 10:54:55,780.4
320,2025-12-17 10:53:55,2025-12-17 10:55:12,77.12
318,2025-12-17 10:51:54,2025-12-17 10:55:41,227.06
322,2025-12-17 10:54:22,2025-12-17 14:26:13,12711.17
321,2025-12-17 10:53:55,2025-12-17 14:26:21,12746.56
323,2025-12-17 14:26:03,2025-12-17 14:26:23,20.46
325,2025-12-17 14:26:39,2025-12-17 14:27:02,22.82
324,2025-12-17 14:26:25,2025-12-17 14:27:14,48.8
326,2025-12-17 14:26:42,2025-12-17 14:27:17,34.55
319,2025-12-17 10:52:23,2025-12-17 14:27:20,12897.44
327,2025-12-17 14:26:51,2025-12-17 14:27:23,31.71
330,2025-12-17 14:27:45,2025-12-17 14:28:20,34.83
331,2025-12-17 14:28:07,2025-12-17 14:28:26,19.33
317,2025-12-17 10:51:30,2025-12-17 14:28:55,13045.3
334,2025-12-17 14:28:58,2025-12-17 14:29:21,23.31
337,2025-12-17 14:29:05,2025-12-17 14:29:23,17.76
336,2025-12-17 14:29:01,2025-12-17 14:29:25,24.08
328,2025-12-17 14:27:33,2025-12-17 14:29:26,112.81
339,2025-12-17 14:29:11,2025-12-17 14:29:31,19.73
338,2025-12-17 14:29:06,2025-12-17 14:29:33,26.65
332,2025-12-17 14:28:35,2025-12-17 14:29:33,58.64
329,2025-12-17 14:27:33,2025-12-17 14:29:38,125.17
333,2025-12-17 14:28:58,2025-12-17 14:30:08,70.14
335,2025-12-17 14:28:59,2025-12-17 14:30:52,113.03
341,2025-12-17 14:30:16,2025-12-17 14:31:25,69.57
340,2025-12-17 14:29:11,2025-12-17 14:31:33,141.99
343,2025-12-17 14:31:03,2025-12-17 14:31:37,34.47
344,2025-12-17 14:31:39,2025-12-17 14:32:05,26.39
348,2025-12-17 14:33:06,2025-12-17 14:33:33,27.01
345,2025-12-17 14:32:24,2025-12-17 14:33:39,74.82
346,2025-12-17 14:32:25,2025-12-17 14:33:40,74.73
342,2025-12-17 14:30:57,2025-12-17 14:34:13,196.37
350,2025-12-17 14:34:01,2025-12-17 14:34:23,22.79
351,2025-12-17 14:34:43,2025-12-17 14:35:00,17.58
347,2025-12-17 14:32:34,2025-12-17 14:35:25,170.25
349,2025-12-17 14:33:24,2025-12-17 14:35:49,145.35
353,2025-12-17 14:36:01,2025-12-17 14:36:21,20.38
352,2025-12-17 14:35:30,2025-12-17 14:36:45,74.26
354,2025-12-17 14:36:05,2025-12-17 14:37:14,68.72
358,2025-12-17 14:38:06,2025-12-17 14:38:24,17.58
355,2025-12-17 14:37:24,2025-12-17 14:38:25,61.26
356,2025-12-17 14:37:44,2025-12-17 14:38:29,45.21
359,2025-12-17 14:38:29,2025-12-17 14:38:47,18.24
357,2025-12-17 14:38:06,2025-12-17 14:38:49,43.12
360,2025-12-17 14:38:58,2025-12-17 14:39:57,58.46
362,2025-12-17 14:40:15,2025-12-17 14:40:36,21.45
364,2025-12-17 14:40:27,2025-12-17 14:40:49,22.52
365,2025-12-17 14:40:43,2025-12-17 14:41:13,29.92
368,2025-12-17 14:41:06,2025-12-17 14:41:45,38.99
369,2025-12-17 14:41:18,2025-12-17 14:41:48,30.46
370,2025-12-17 14:41:27,2025-12-17 14:41:48,21.1
366,2025-12-17 14:40:52,2025-12-17 14:41:56,64.32
367,2025-12-17 14:41:05,2025-12-17 14:42:06,60.49
361,2025-12-17 14:39:04,2025-12-17 14:42:17,193.25
375,2025-12-17 14:42:08,2025-12-17 14:42:26,17.77
376,2025-12-17 14:42:27,2025-12-17 14:42:45,17.84
374,2025-12-17 14:42:03,2025-12-17 14:43:00,57.61
379,2025-12-17 14:42:54,2025-12-17 14:43:12,17.74
371,2025-12-17 14:41:34,2025-12-17 14:43:18,104.5
378,2025-12-17 14:42:35,2025-12-17 14:43:21,46.04
363,2025-12-17 14:40:17,2025-12-17 14:43:26,189.29
377,2025-12-17 14:42:34,2025-12-17 14:43:26,51.83
372,2025-12-17 14:41:40,2025-12-17 14:43:52,131.95
373,2025-12-17 14:41:57,2025-12-17 14:44:06,128.96
384,2025-12-17 14:44:21,2025-12-17 14:44:39,17.77
380,2025-12-17 14:43:25,2025-12-17 14:44:52,86.98
383,2025-12-17 14:44:11,2025-12-17 14:44:57,45.86
385,2025-12-17 14:44:35,2025-12-17 14:45:09,33.88
381,2025-12-17 14:43:34,2025-12-17 14:45:36,122.04
387,2025-12-17 14:45:20,2025-12-17 14:45:47,27.42
388,2025-12-17 14:45:27,2025-12-17 14:45:53,25.9
392,2025-12-17 14:45:51,2025-12-17 14:46:09,17.74
390,2025-12-17 14:45:29,2025-12-17 14:46:10,40.26
389,2025-12-17 14:45:28,2025-12-17 14:46:11,43.21
393,2025-12-17 14:46:19,2025-12-17 14:46:43,24.25
391,2025-12-17 14:45:47,2025-12-17 14:46:48,60.97
395,2025-12-17 14:47:07,2025-12-17 14:47:27,20.06
399,2025-12-17 14:47:51,2025-12-17 14:48:09,18.38
396,2025-12-17 14:47:26,2025-12-17 14:48:15,48.38
386,2025-12-17 14:44:57,2025-12-17 14:48:16,199.52
394,2025-12-17 14:47:04,2025-12-17 14:48:26,81.59
400,2025-12-17 14:47:58,2025-12-17 14:48:32,33.52
402,2025-12-17 14:48:03,2025-12-17 14:48:37,33.42
398,2025-12-17 14:47:45,2025-12-17 14:48:47,62.49
405,2025-12-17 14:48:59,2025-12-17 14:49:20,20.96
403,2025-12-17 14:48:47,2025-12-17 14:49:35,48.22
408,2025-12-17 14:49:22,2025-12-17 14:49:47,25.01
407,2025-12-17 14:49:10,2025-12-17 14:49:52,42.37
404,2025-12-17 14:48:54,2025-12-17 14:50:04,69.32
409,2025-12-17 14:49:53,2025-12-17 14:50:11,17.93
382,2025-12-17 14:43:57,2025-12-17 14:50:39,401.36
406,2025-12-17 14:49:08,2025-12-17 14:50:39,91.4
411,2025-12-17 14:50:17,2025-12-17 14:50:39,22.34
412,2025-12-17 14:50:28,2025-12-17 14:50:46,18.09
415,2025-12-17 14:50:58,2025-12-17 14:51:19,20.49
401,2025-12-17 14:48:02,2025-12-17 14:51:20,198.48
417,2025-12-17 14:51:14,2025-12-17 14:51:32,17.98
418,2025-12-17 14:51:14,2025-12-17 14:51:40,25.47
410,2025-12-17 14:50:01,2025-12-17 14:51:55,114.03
419,2025-12-17 14:51:39,2025-12-17 14:51:57,17.95
397,2025-12-17 14:47:28,2025-12-17 14:51:59,270.7
420,2025-12-17 14:51:49,2025-12-17 14:52:22,33.24
421,2025-12-17 14:51:54,2025-12-17 14:52:43,48.99
425,2025-12-17 14:52:32,2025-12-17 14:52:53,21.17
416,2025-12-17 14:51:12,2025-12-17 14:53:08,116.33
426,2025-12-17 14:53:04,2025-12-17 14:53:23,19.01
423,2025-12-17 14:52:22,2025-12-17 14:53:30,68.52
427,2025-12-17 14:53:15,2025-12-17 14:53:33,18.33
428,2025-12-17 14:53:16,2025-12-17 14:53:34,18.41
429,2025-12-17 14:53:17,2025-12-17 14:53:35,18.53
414,2025-12-17 14:50:51,2025-12-17 14:53:55,184.21
432,2025-12-17 14:53:39,2025-12-17 14:54:05,25.77
431,2025-12-17 14:53:36,2025-12-17 14:54:26,49.75
422,2025-12-17 14:52:00,2025-12-17 14:54:38,158.55
434,2025-12-17 14:54:04,2025-12-17 14:54:46,41.99
436,2025-12-17 14:54:11,2025-12-17 14:54:51,40.28
439,2025-12-17 14:54:34,2025-12-17 14:54:53,18.63
435,2025-12-17 14:54:08,2025-12-17 14:55:01,53.18
440,2025-12-17 14:54:40,2025-12-17 14:55:03,23.44
441,2025-12-17 14:54:45,2025-12-17 14:55:05,20.1
442,2025-12-17 14:54:48,2025-12-17 14:55:09,20.79
438,2025-12-17 14:54:27,2025-12-17 14:55:11,43.61
437,2025-12-17 14:54:16,2025-12-17 14:55:18,62.18
443,2025-12-17 14:54:58,2025-12-17 14:55:23,25.04
424,2025-12-17 14:52:31,2025-12-17 14:55:43,192.65
446,2025-12-17 14:55:46,2025-12-17 14:56:04,17.78
430,2025-12-17 14:53:24,2025-12-17 14:56:11,167.76
444,2025-12-17 14:55:08,2025-12-17 14:56:28,80.05
450,2025-12-17 14:56:08,2025-12-17 14:56:30,21.81
413,2025-12-17 14:50:44,2025-12-17 14:56:49,365.17
433,2025-12-17 14:54:03,2025-12-17 14:56:49,166.03
452,2025-12-17 14:56:33,2025-12-17 14:56:55,22.12
455,2025-12-17 14:56:46,2025-12-17 14:57:05,18.09
456,2025-12-17 14:56:51,2025-12-17 14:57:09,17.93
449,2025-12-17 14:56:07,2025-12-17 14:57:09,62.49
451,2025-12-17 14:56:12,2025-12-17 14:57:10,57.96
454,2025-12-17 14:56:37,2025-12-17 14:57:12,35.69
445,2025-12-17 14:55:45,2025-12-17 14:57:13,88.12
448,2025-12-17 14:55:55,2025-12-17 14:57:13,78.29
453,2025-12-17 14:56:34,2025-12-17 14:58:09,94.5
460,2025-12-17 14:57:59,2025-12-17 14:58:17,18.34
459,2025-12-17 14:57:21,2025-12-17 14:58:25,63.98
458,2025-12-17 14:57:21,2025-12-17 14:58:31,70.36
463,2025-12-17 14:58:26,2025-12-17 14:58:44,17.81
466,2025-12-17 14:58:35,2025-12-17 14:58:54,18.99
470,2025-12-17 14:58:50,2025-12-17 14:59:11,21.61
472,2025-12-17 14:58:56,2025-12-17 14:59:14,17.83
468,2025-12-17 14:58:42,2025-12-17 14:59:16,34.11
457,2025-12-17 14:56:51,2025-12-17 14:59:21,149.65
465,2025-12-17 14:58:31,2025-12-17 14:59:28,57.67
473,2025-12-17 14:59:10,2025-12-17 14:59:36,25.33
462,2025-12-17 14:58:24,2025-12-17 14:59:36,72.46
471,2025-12-17 14:58:51,2025-12-17 14:59:42,50.12
467,2025-12-17 14:58:36,2025-12-17 14:59:42,65.75
474,2025-12-17 14:59:22,2025-12-17 14:59:43,20.81
475,2025-12-17 14:59:23,2025-12-17 14:59:50,26.6
461,2025-12-17 14:58:13,2025-12-17 15:00:17,123.81
480,2025-12-17 15:00:05,2025-12-17 15:00:26,21.3
482,2025-12-17 15:00:08,2025-12-17 15:00:27,19.08
477,2025-12-17 14:59:53,2025-12-17 15:00:28,35.16
479,2025-12-17 15:00:04,2025-12-17 15:00:33,28.98
483,2025-12-17 15:00:17,2025-12-17 15:00:50,32.75
464,2025-12-17 14:58:27,2025-12-17 15:01:04,156.89
484,2025-12-17 15:00:17,2025-12-17 15:01:04,46.92
486,2025-12-17 15:01:04,2025-12-17 15:01:28,24.27
481,2025-12-17 15:00:05,2025-12-17 15:01:30,84.96
485,2025-12-17 15:01:04,2025-12-17 15:01:34,30.71
487,2025-12-17 15:01:18,2025-12-17 15:01:46,28.07
489,2025-12-17 15:01:45,2025-12-17 15:02:03,17.79
447,2025-12-17 14:55:54,2025-12-17 15:02:17,383.28
488,2025-12-17 15:01:44,2025-12-17 15:02:23,39.59
492,2025-12-17 15:02:14,2025-12-17 15:02:33,18.9
491,2025-12-17 15:02:02,2025-12-17 15:02:35,32.79
490,2025-12-17 15:01:49,2025-12-17 15:02:39,50.5
478,2025-12-17 14:59:58,2025-12-17 15:03:39,220.68
495,2025-12-17 15:03:07,2025-12-17 15:03:49,42.14
493,2025-12-17 15:02:57,2025-12-17 15:03:50,53.15
494,2025-12-17 15:03:03,2025-12-17 15:03:51,47.35
497,2025-12-17 15:03:48,2025-12-17 15:04:06,17.97
498,2025-12-17 15:03:50,2025-12-17 15:04:26,36.38
476,2025-12-17 14:59:53,2025-12-17 15:04:32,279.57
500,2025-12-17 15:04:16,2025-12-17 15:05:08,52.78
501,2025-12-17 15:04:34,2025-12-17 15:05:17,43.51
496,2025-12-17 15:03:32,2025-12-17 15:05:36,124.26
502,2025-12-17 15:05:00,2025-12-17 15:05:56,55.78
505,2025-12-17 15:06:05,2025-12-17 15:06:29,24.0
506,2025-12-17 15:06:16,2025-12-17 15:06:34,17.72
469,2025-12-17 14:58:49,2025-12-17 15:06:40,470.71
508,2025-12-17 15:06:31,2025-12-17 15:06:49,17.84
504,2025-12-17 15:05:36,2025-12-17 15:07:04,87.89
510,2025-12-17 15:06:47,2025-12-17 15:07:05,17.76
499,2025-12-17 15:03:53,2025-12-17 15:07:09,196.1
507,2025-12-17 15:06:21,2025-12-17 15:07:10,49.45
503,2025-12-17 15:05:18,2025-12-17 15:07:29,130.36
511,2025-12-17 15:07:13,2025-12-17 15:08:07,53.95
516,2025-12-17 15:07:49,2025-12-17 15:08:07,17.6
518,2025-12-17 15:08:22,2025-12-17 15:08:41,19.45
515,2025-12-17 15:07:44,2025-12-17 15:08:47,62.03
517,2025-12-17 15:08:18,2025-12-17 15:08:47,29.36
521,2025-12-17 15:08:32,2025-12-17 15:08:51,18.75
522,2025-12-17 15:08:34,2025-12-17 15:08:53,18.87
514,2025-12-17 15:07:44,2025-12-17 15:08:53,68.67
520,2025-12-17 15:08:25,2025-12-17 15:09:14,49.32
513,2025-12-17 15:07:21,2025-12-17 15:09:35,133.2
527,2025-12-17 15:09:31,2025-12-17 15:09:49,17.72
528,2025-12-17 15:09:33,2025-12-17 15:09:51,17.84
529,2025-12-17 15:09:33,2025-12-17 15:09:55,21.37
525,2025-12-17 15:09:07,2025-12-17 15:09:58,50.61
524,2025-12-17 15:08:57,2025-12-17 15:10:27,89.55
519,2025-12-17 15:08:22,2025-12-17 15:10:35,132.52
509,2025-12-17 15:06:32,2025-12-17 15:10:51,259.01
533,2025-12-17 15:10:34,2025-12-17 15:10:53,19.0
512,2025-12-17 15:07:13,2025-12-17 15:10:54,221.15
530,2025-12-17 15:09:36,2025-12-17 15:10:55,78.75
532,2025-12-17 15:10:23,2025-12-17 15:11:21,58.56
534,2025-12-17 15:10:51,2025-12-17 15:11:27,35.77
523,2025-12-17 15:08:44,2025-12-17 15:11:59,195.09
531,2025-12-17 15:10:22,2025-12-17 15:12:30,127.94
526,2025-12-17 15:09:28,2025-12-17 15:12:37,188.83
536,2025-12-17 15:12:19,2025-12-17 15:12:39,19.5
537,2025-12-17 15:12:35,2025-12-17 15:12:53,18.23
540,2025-12-17 15:12:49,2025-12-17 15:13:16,26.82
539,2025-12-17 15:12:47,2025-12-17 15:13:17,29.83
542,2025-12-17 15:13:16,2025-12-17 15:13:34,18.01
544,2025-12-17 15:13:20,2025-12-17 15:13:38,17.94
541,2025-12-17 15:13:04,2025-12-17 15:13:39,34.89
546,2025-12-17 15:13:45,2025-12-17 15:14:02,17.53
547,2025-12-17 15:13:45,2025-12-17 15:14:04,18.8
535,2025-12-17 15:11:39,2025-12-17 15:14:12,153.2
549,2025-12-17 15:13:55,2025-12-17 15:14:16,20.47
543,2025-12-17 15:13:19,2025-12-17 15:14:27,68.1
548,2025-12-17 15:13:55,2025-12-17 15:14:56,60.76
550,2025-12-17 15:14:40,2025-12-17 15:15:40,59.86
552,2025-12-17 15:15:25,2025-12-17 15:15:53,27.41
538,2025-12-17 15:12:35,2025-12-17 15:16:14,218.78
551,2025-12-17 15:15:06,2025-12-17 15:16:21,75.35
553,2025-12-17 15:15:27,2025-12-17 15:16:25,58.41
555,2025-12-17 15:16:06,2025-12-17 15:16:25,18.94
556,2025-12-17 15:16:07,2025-12-17 15:16:26,18.41
545,2025-12-17 15:13:33,2025-12-17 15:16:46,193.29
554,2025-12-17 15:15:40,2025-12-17 15:16:57,76.11
557,2025-12-17 15:16:25,2025-12-17 15:17:01,36.54
560,2025-12-17 15:16:34,2025-12-17 15:17:06,32.52
561,2025-12-17 15:16:44,2025-12-17 15:17:20,36.11
562,2025-12-17 15:17:05,2025-12-17 15:17:46,41.54
564,2025-12-17 15:17:51,2025-12-17 15:18:15,24.11
566,2025-12-17 15:18:00,2025-12-17 15:18:25,25.03
558,2025-12-17 15:16:29,2025-12-17 15:18:36,126.26
559,2025-12-17 15:16:31,2025-12-17 15:19:15,164.88
568,2025-12-17 15:19:05,2025-12-17 15:19:29,24.68
565,2025-12-17 15:17:58,2025-12-17 15:19:30,92.14
569,2025-12-17 15:19:24,2025-12-17 15:20:23,59.24
570,2025-12-17 15:20:02,2025-12-17 15:20:30,28.01
572,2025-12-17 15:20:29,2025-12-17 15:21:09,39.8
575,2025-12-17 15:20:45,2025-12-17 15:21:11,25.96
567,2025-12-17 15:18:43,2025-12-17 15:21:11,148.26
571,2025-12-17 15:20:02,2025-12-17 15:21:15,72.9
563,2025-12-17 15:17:35,2025-12-17 15:21:19,223.79
576,2025-12-17 15:20:49,2025-12-17 15:21:23,34.01
578,2025-12-17 15:21:24,2025-12-17 15:21:46,22.31
579,2025-12-17 15:21:32,2025-12-17 15:21:54,21.95
580,2025-12-17 15:21:34,2025-12-17 15:21:57,22.87
581,2025-12-17 15:21:53,2025-12-17 15:22:15,22.03
577,2025-12-17 15:20:57,2025-12-17 15:22:20,83.43
573,2025-12-17 15:20:36,2025-12-17 15:23:12,156.58
583,2025-12-17 15:22:22,2025-12-17 15:23:34,72.03
585,2025-12-17 15:23:41,2025-12-17 15:24:01,19.47
582,2025-12-17 15:22:20,2025-12-17 15:24:02,102.08
587,2025-12-17 15:24:15,2025-12-17 15:24:48,32.97
584,2025-12-17 15:23:34,2025-12-17 15:25:05,90.9
592,2025-12-17 15:25:18,2025-12-17 15:25:38,19.34
591,2025-12-17 15:25:18,2025-12-17 15:25:40,21.34
589,2025-12-17 15:25:13,2025-12-17 15:26:07,54.29
574,2025-12-17 15:20:36,2025-12-17 15:26:15,338.61
588,2025-12-17 15:24:29,2025-12-17 15:26:19,110.24
590,2025-12-17 15:25:16,2025-12-17 15:26:49,92.81
597,2025-12-17 15:27:27,2025-12-17 15:27:51,23.75
598,2025-12-17 15:27:29,2025-12-17 15:27:52,23.33
594,2025-12-17 15:25:44,2025-12-17 15:27:57,132.38
593,2025-12-17 15:25:22,2025-12-17 15:28:28,186.73
595,2025-12-17 15:26:35,2025-12-17 15:28:41,126.17
596,2025-12-17 15:26:54,2025-12-17 15:28:42,108.98
586,2025-12-17 15:24:11,2025-12-17 15:28:56,284.52
600,2025-12-17 15:27:34,2025-12-17 15:29:00,86.17
599,2025-12-17 15:27:32,2025-12-17 15:30:11,158.95
601,2025-12-17 15:29:14,2025-12-17 15:30:51,97.83
604,2025-12-17 15:30:53,2025-12-17 15:31:18,24.92
602,2025-12-17 15:30:19,2025-12-17 15:31:56,96.52
603,2025-12-17 15:30:28,2025-12-17 15:32:05,96.46
605,2025-12-17 15:32:06,2025-12-17 15:33:34,87.58
609,2025-12-17 15:33:21,2025-12-17 15:33:39,18.43
606,2025-12-17 15:32:46,2025-12-17 15:34:49,123.43
611,2025-12-17 15:34:21,2025-12-17 15:34:51,30.17
612,2025-12-17 15:34:46,2025-12-17 15:35:12,25.64
613,2025-12-17 15:34:49,2025-12-17 15:35:13,24.16
610,2025-12-17 15:34:21,2025-12-17 15:35:19,58.87
607,2025-12-17 15:33:03,2025-12-17 15:35:37,154.22
608,2025-12-17 15:33:04,2025-12-17 15:36:12,188.32
614,2025-12-17 15:35:42,2025-12-17 15:36:40,58.23
616,2025-12-17 15:36:20,2025-12-17 15:36:40,20.28
621,2025-12-17 15:37:06,2025-12-17 15:37:28,21.93
623,2025-12-17 15:37:21,2025-12-17 15:37:42,20.91
617,2025-12-17 15:36:46,2025-12-17 15:37:47,61.25
620,2025-12-17 15:37:06,2025-12-17 15:38:04,57.87
625,2025-12-17 15:37:50,2025-12-17 15:38:13,22.76
615,2025-12-17 15:36:18,2025-12-17 15:38:23,124.31
624,2025-12-17 15:37:25,2025-12-17 15:38:23,57.71
627,2025-12-17 15:38:12,2025-12-17 15:38:32,19.67
619,2025-12-17 15:36:52,2025-12-17 15:38:40,107.8
630,2025-12-17 15:39:36,2025-12-17 15:40:03,26.94
626,2025-12-17 15:38:01,2025-12-17 15:40:11,129.97
618,2025-12-17 15:36:51,2025-12-17 15:40:17,205.83
629,2025-12-17 15:39:18,2025-12-17 15:40:22,63.21
632,2025-12-17 15:40:02,2025-12-17 15:40:22,20.51
633,2025-12-17 15:40:17,2025-12-17 15:40:51,34.78
636,2025-12-17 15:40:40,2025-12-17 15:41:02,21.99
634,2025-12-17 15:40:29,2025-12-17 15:41:12,42.62
637,2025-12-17 15:41:01,2025-12-17 15:41:40,38.99
639,2025-12-17 15:41:56,2025-12-17 15:42:21,24.95
640,2025-12-17 15:41:59,2025-12-17 15:42:24,25.09
622,2025-12-17 15:37:12,2025-12-17 15:42:33,321.1
638,2025-12-17 15:41:15,2025-12-17 15:42:50,95.01
642,2025-12-17 15:42:38,2025-12-17 15:42:55,17.8
635,2025-12-17 15:40:39,2025-12-17 15:43:15,156.12
645,2025-12-17 15:42:57,2025-12-17 15:43:15,18.79
644,2025-12-17 15:42:53,2025-12-17 15:43:24,31.72
631,2025-12-17 15:40:01,2025-12-17 15:43:28,206.76
646,2025-12-17 15:43:38,2025-12-17 15:44:13,34.89
650,2025-12-17 15:44:11,2025-12-17 15:44:30,18.38
641,2025-12-17 15:42:00,2025-12-17 15:44:38,158.62
649,2025-12-17 15:44:01,2025-12-17 15:44:40,38.15
648,2025-12-17 15:43:59,2025-12-17 15:44:45,45.85
628,2025-12-17 15:39:15,2025-12-17 15:45:04,349.33
652,2025-12-17 15:44:47,2025-12-17 15:45:19,31.45
655,2025-12-17 15:45:29,2025-12-17 15:45:56,27.39
647,2025-12-17 15:43:45,2025-12-17 15:45:57,132.28
654,2025-12-17 15:45:21,2025-12-17 15:46:01,40.55
656,2025-12-17 15:45:38,2025-12-17 15:46:44,65.87
651,2025-12-17 15:44:41,2025-12-17 15:46:50,128.95
659,2025-12-17 15:46:54,2025-12-17 15:47:27,32.96
653,2025-12-17 15:44:59,2025-12-17 15:47:29,149.75
658,2025-12-17 15:46:53,2025-12-17 15:47:54,61.32
661,2025-12-17 15:47:35,2025-12-17 15:47:58,22.6
662,2025-12-17 15:47:38,2025-12-17 15:47:58,19.73
657,2025-12-17 15:46:18,2025-12-17 15:48:04,106.46
660,2025-12-17 15:47:01,2025-12-17 15:48:04,63.23
664,2025-12-17 15:49:01,2025-12-17 15:49:59,58.02
665,2025-12-17 15:49:22,2025-12-17 15:49:59,36.72
666,2025-12-17 15:49:41,2025-12-17 15:49:59,17.84
669,2025-12-17 15:49:48,2025-12-17 15:50:06,17.95
667,2025-12-17 15:49:43,2025-12-17 15:50:09,25.99
668,2025-12-17 15:49:48,2025-12-17 15:50:09,21.5
670,2025-12-17 15:49:48,2025-12-17 15:50:11,23.79
672,2025-12-17 15:49:53,2025-12-17 15:50:11,18.13
671,2025-12-17 15:49:49,2025-12-17 15:50:17,27.92
674,2025-12-17 15:50:22,2025-12-17 15:50:46,24.05
663,2025-12-17 15:48:20,2025-12-17 15:51:23,182.31
677,2025-12-17 15:51:14,2025-12-17 15:51:34,20.27
681,2025-12-17 15:51:51,2025-12-17 15:52:10,18.96
680,2025-12-17 15:51:49,2025-12-17 15:52:11,21.35
682,2025-12-17 15:51:56,2025-12-17 15:52:17,20.75
683,2025-12-17 15:52:01,2025-12-17 15:52:23,21.91
673,2025-12-17 15:50:17,2025-12-17 15:52:44,147.18
684,2025-12-17 15:52:31,2025-12-17 15:52:49,17.98
678,2025-12-17 15:51:19,2025-12-17 15:52:50,91.58
679,2025-12-17 15:51:46,2025-12-17 15:52:58,72.32
686,2025-12-17 15:53:04,2025-12-17 15:53:24,19.91
676,2025-12-17 15:51:10,2025-12-17 15:53:25,134.6
688,2025-12-17 15:53:25,2025-12-17 15:53:52,26.79
690,2025-12-17 15:53:43,2025-12-17 15:54:12,28.44
692,2025-12-17 15:53:59,2025-12-17 15:54:17,18.21
687,2025-12-17 15:53:14,2025-12-17 15:54:24,69.98
691,2025-12-17 15:53:45,2025-12-17 15:54:29,44.37
694,2025-12-17 15:54:25,2025-12-17 15:54:46,21.42
693,2025-12-17 15:54:19,2025-12-17 15:54:50,30.79
695,2025-12-17 15:54:25,2025-12-17 15:54:54,29.11
696,2025-12-17 15:54:41,2025-12-17 15:55:04,22.48
697,2025-12-17 15:54:49,2025-12-17 15:55:13,23.62
698,2025-12-17 15:55:07,2025-12-17 15:55:32,25.63
700,2025-12-17 15:55:42,2025-12-17 15:56:15,33.68
701,2025-12-17 15:55:45,2025-12-17 15:56:23,38.35
699,2025-12-17 15:55:19,2025-12-17 15:56:25,66.08
702,2025-12-17 15:56:18,2025-12-17 15:56:37,18.16
643,2025-12-17 15:42:50,2025-12-17 15:56:39,828.6
685,2025-12-17 15:52:33,2025-12-17 15:57:02,269.43
703,2025-12-17 15:56:40,2025-12-17 15:57:06,26.86
704,2025-12-17 15:56:41,2025-12-17 15:57:27,45.96
709,2025-12-17 15:57:27,2025-12-17 15:57:48,20.85
705,2025-12-17 15:56:44,2025-12-17 15:58:02,77.89
708,2025-12-17 15:57:12,2025-12-17 15:58:09,56.99
712,2025-12-17 15:58:09,2025-12-17 15:58:28,18.72
711,2025-12-17 15:57:54,2025-12-17 15:58:31,37.48
706,2025-12-17 15:56:50,2025-12-17 15:58:41,110.85
713,2025-12-17 15:58:13,2025-12-17 15:58:44,31.17
715,2025-12-17 15:59:15,2025-12-17 15:59:42,26.15
675,2025-12-17 15:50:28,2025-12-17 15:59:51,562.78
689,2025-12-17 15:53:31,2025-12-17 16:00:09,398.71
717,2025-12-17 15:59:49,2025-12-17 16:00:17,28.61
718,2025-12-17 16:00:10,2025-12-17 16:00:29,18.64
714,2025-12-17 15:59:13,2025-12-17 16:00:31,77.43
716,2025-12-17 15:59:49,2025-12-17 16:00:54,65.27
720,2025-12-17 16:00:59,2025-12-17 16:01:22,22.69
710,2025-12-17 15:57:40,2025-12-17 16:01:25,225.4
719,2025-12-17 16:00:27,2025-12-17 16:01:56,88.92
707,2025-12-17 15:57:05,2025-12-17 16:03:03,357.62
724,2025-12-17 16:02:30,2025-12-17 16:03:28,58.73
727,2025-12-17 16:03:13,2025-12-17 16:03:39,25.53
725,2025-12-17 16:02:30,2025-12-17 16:03:42,72.18
723,2025-12-17 16:02:23,2025-12-17 16:03:56,92.55
728,2025-12-17 16:03:34,2025-12-17 16:03:58,23.97
729,2025-12-17 16:03:59,2025-12-17 16:04:18,18.94
726,2025-12-17 16:03:09,2025-12-17 16:04:22,72.71
733,2025-12-17 16:04:32,2025-12-17 16:04:59,26.53
734,2025-12-17 16:04:35,2025-12-17 16:05:00,25.33
731,2025-12-17 16:04:30,2025-12-17 16:05:03,33.37
732,2025-12-17 16:04:31,2025-12-17 16:05:04,33.14
735,2025-12-17 16:04:41,2025-12-17 16:05:04,23.43
736,2025-12-17 16:05:52,2025-12-17 16:06:13,20.78
738,2025-12-17 16:06:07,2025-12-17 16:06:29,22.06
730,2025-12-17 16:04:23,2025-12-17 16:06:38,135.16
721,2025-12-17 16:02:08,2025-12-17 16:06:57,289.41
739,2025-12-17 16:06:39,2025-12-17 16:07:05,25.68
740,2025-12-17 16:07:32,2025-12-17 16:08:01,28.7
741,2025-12-17 16:08:16,2025-12-17 16:08:43,26.45
737,2025-12-17 16:06:06,2025-12-17 16:08:44,157.92
745,2025-12-17 16:08:53,2025-12-17 16:09:16,22.41
742,2025-12-17 16:08:16,2025-12-17 16:09:18,61.18
746,2025-12-17 16:08:57,2025-12-17 16:09:51,53.8
747,2025-12-17 16:09:26,2025-12-17 16:10:07,41.2
748,2025-12-17 16:09:50,2025-12-17 16:10:08,18.55
722,2025-12-17 16:02:19,2025-12-17 16:10:27,488.13
749,2025-12-17 16:10:16,2025-12-17 16:10:51,35.06
744,2025-12-17 16:08:51,2025-12-17 16:10:57,125.71
743,2025-12-17 16:08:45,2025-12-17 16:11:32,166.49
752,2025-12-17 16:11:15,2025-12-17 16:11:35,19.4
751,2025-12-17 16:11:03,2025-12-17 16:11:54,51.38
755,2025-12-17 16:11:57,2025-12-17 16:12:16,18.3
754,2025-12-17 16:11:46,2025-12-17 16:12:17,30.58
756,2025-12-17 16:12:25,2025-12-17 16:13:30,65.6
750,2025-12-17 16:10:30,2025-12-17 16:14:03,213.02
757,2025-12-17 16:13:41,2025-12-17 16:14:14,33.27
753,2025-12-17 16:11:35,2025-12-17 16:15:16,221.23
760,2025-12-17 16:15:06,2025-12-17 16:15:28,21.88
762,2025-12-17 16:15:26,2025-12-17 16:15:45,19.09
759,2025-12-17 16:15:05,2025-12-17 16:15:49,43.93
765,2025-12-17 16:15:29,2025-12-17 16:15:54,24.28
763,2025-12-17 16:15:29,2025-12-17 16:16:03,34.34
764,2025-12-17 16:15:29,2025-12-17 16:16:23,54.42
761,2025-12-17 16:15:17,2025-12-17 16:16:30,72.95
768,2025-12-17 16:15:58,2025-12-17 16:16:41,42.21
770,2025-12-17 16:16:20,2025-12-17 16:16:42,21.84
767,2025-12-17 16:15:41,2025-12-17 16:17:03,82.54
758,2025-12-17 16:14:17,2025-12-17 16:17:13,176.19
771,2025-12-17 16:16:45,2025-12-17 16:17:24,39.15
766,2025-12-17 16:15:34,2025-12-17 16:17:57,142.91
772,2025-12-17 16:17:26,2025-12-17 16:18:02,35.25
775,2025-12-17 16:18:24,2025-12-17 16:18:45,20.72
773,2025-12-17 16:17:32,2025-12-17 16:19:13,100.98
776,2025-12-17 16:18:58,2025-12-17 16:19:26,28.39
778,2025-12-17 16:19:05,2025-12-17 16:19:31,26.09
777,2025-12-17 16:19:04,2025-12-17 16:19:39,35.32
779,2025-12-17 16:19:20,2025-12-17 16:19:40,19.41
780,2025-12-17 16:19:54,2025-12-17 16:20:23,29.45
782,2025-12-17 16:20:26,2025-12-17 16:21:01,35.27
781,2025-12-17 16:19:55,2025-12-17 16:21:58,123.48
774,2025-12-17 16:18:03,2025-12-17 16:22:00,236.24
784,2025-12-17 16:21:34,2025-12-17 16:22:10,36.43
786,2025-12-17 16:22:09,2025-12-17 16:22:29,20.02
783,2025-12-17 16:21:18,2025-12-17 16:22:42,84.7
787,2025-12-17 16:22:23,2025-12-17 16:22:54,31.38
788,2025-12-17 16:22:44,2025-12-17 16:23:32,48.28
792,2025-12-17 16:24:03,2025-12-17 16:24:21,18.45
793,2025-12-17 16:24:27,2025-12-17 16:24:47,19.38
790,2025-12-17 16:23:36,2025-12-17 16:24:50,74.1
791,2025-12-17 16:23:44,2025-12-17 16:24:54,69.77
794,2025-12-17 16:24:48,2025-12-17 16:25:06,18.66
795,2025-12-17 16:25:05,2025-12-17 16:25:23,18.46
789,2025-12-17 16:23:30,2025-12-17 16:25:54,143.97
796,2025-12-17 16:25:19,2025-12-17 16:26:18,58.5
798,2025-12-17 16:26:20,2025-12-17 16:26:40,19.66
800,2025-12-17 16:26:33,2025-12-17 16:26:52,19.34
797,2025-12-17 16:26:17,2025-12-17 16:27:12,55.19
803,2025-12-17 16:26:48,2025-12-17 16:27:12,23.87
802,2025-12-17 16:26:45,2025-12-17 16:27:19,33.07
785,2025-12-17 16:22:06,2025-12-17 16:27:23,317.15
801,2025-12-17 16:26:45,2025-12-17 16:27:37,51.68
804,2025-12-17 16:26:49,2025-12-17 16:27:37,48.59
799,2025-12-17 16:26:32,2025-12-17 16:27:51,79.4
806,2025-12-17 16:27:50,2025-12-17 16:28:23,32.99
809,2025-12-17 16:28:04,2025-12-17 16:28:23,19.71
807,2025-12-17 16:27:58,2025-12-17 16:28:37,38.78
808,2025-12-17 16:28:03,2025-12-17 16:28:44,41.0
769,2025-12-17 16:16:18,2025-12-17 16:28:48,750.63
811,2025-12-17 16:28:55,2025-12-17 16:29:15,20.14
813,2025-12-17 16:29:14,2025-12-17 16:29:36,22.23
810,2025-12-17 16:28:39,2025-12-17 16:29:43,63.95
814,2025-12-17 16:29:38,2025-12-17 16:30:16,37.98
812,2025-12-17 16:29:08,2025-12-17 16:30:35,87.32
816,2025-12-17 16:30:08,2025-12-17 16:30:45,37.14
818,2025-12-17 16:30:46,2025-12-17 16:31:11,25.11
821,2025-12-17 16:30:48,2025-12-17 16:31:15,26.52
819,2025-12-17 16:30:46,2025-12-17 16:31:17,30.17
820,2025-12-17 16:30:46,2025-12-17 16:31:47,60.55
805,2025-12-17 16:27:17,2025-12-17 16:32:17,299.66
817,2025-12-17 16:30:18,2025-12-17 16:32:23,124.91
825,2025-12-17 16:31:55,2025-12-17 16:32:32,37.0
815,2025-12-17 16:29:49,2025-12-17 16:32:37,167.98
824,2025-12-17 16:31:51,2025-12-17 16:32:53,62.16
826,2025-12-17 16:32:02,2025-12-17 16:32:56,54.27
828,2025-12-17 16:32:39,2025-12-17 16:33:01,21.67
835,2025-12-17 16:33:09,2025-12-17 16:33:31,21.88
836,2025-12-17 16:33:18,2025-12-17 16:33:41,22.88
830,2025-12-17 16:32:43,2025-12-17 16:33:42,58.7
822,2025-12-17 16:31:49,2025-12-17 16:33:44,114.72
829,2025-12-17 16:32:39,2025-12-17 16:33:48,68.63
831,2025-12-17 16:32:48,2025-12-17 16:33:51,62.61
823,2025-12-17 16:31:51,2025-12-17 16:33:52,120.85
837,2025-12-17 16:34:00,2025-12-17 16:34:23,22.75
839,2025-12-17 16:34:11,2025-12-17 16:34:32,21.52
827,2025-12-17 16:32:33,2025-12-17 16:34:51,137.66
842,2025-12-17 16:34:45,2025-12-17 16:35:03,18.31
841,2025-12-17 16:34:37,2025-12-17 16:35:14,37.45
844,2025-12-17 16:34:59,2025-12-17 16:35:18,19.71
843,2025-12-17 16:34:59,2025-12-17 16:35:20,20.99
834,2025-12-17 16:33:06,2025-12-17 16:35:31,145.17
846,2025-12-17 16:35:08,2025-12-17 16:35:36,28.09
833,2025-12-17 16:33:02,2025-12-17 16:35:38,156.83
838,2025-12-17 16:34:08,2025-12-17 16:35:51,102.23
850,2025-12-17 16:35:34,2025-12-17 16:35:54,20.03
849,2025-12-17 16:35:32,2025-12-17 16:35:55,22.48
845,2025-12-17 16:34:59,2025-12-17 16:35:57,57.43
847,2025-12-17 16:35:08,2025-12-17 16:35:58,49.29
851,2025-12-17 16:35:38,2025-12-17 16:35:58,20.0
854,2025-12-17 16:36:23,2025-12-17 16:36:41,17.66
852,2025-12-17 16:35:45,2025-12-17 16:36:44,59.14
840,2025-12-17 16:34:15,2025-12-17 16:36:53,158.34
856,2025-12-17 16:36:52,2025-12-17 16:37:11,18.81
858,2025-12-17 16:37:03,2025-12-17 16:37:26,23.04
848,2025-12-17 16:35:27,2025-12-17 16:37:27,120.42
865,2025-12-17 16:37:10,2025-12-17 16:37:28,18.08
862,2025-12-17 16:37:10,2025-12-17 16:37:34,23.86
859,2025-12-17 16:37:04,2025-12-17 16:37:36,32.5
857,2025-12-17 16:36:58,2025-12-17 16:37:38,39.45
868,2025-12-17 16:37:21,2025-12-17 16:37:39,18.27
866,2025-12-17 16:37:17,2025-12-17 16:37:52,34.34
869,2025-12-17 16:37:38,2025-12-17 16:37:56,18.56
855,2025-12-17 16:36:29,2025-12-17 16:38:00,91.32
871,2025-12-17 16:37:42,2025-12-17 16:38:01,18.55
872,2025-12-17 16:37:42,2025-12-17 16:38:03,20.33
873,2025-12-17 16:37:52,2025-12-17 16:38:11,19.9
860,2025-12-17 16:37:04,2025-12-17 16:38:19,75.01
867,2025-12-17 16:37:18,2025-12-17 16:38:20,61.86
864,2025-12-17 16:37:10,2025-12-17 16:38:21,71.3
874,2025-12-17 16:38:10,2025-12-17 16:38:29,18.83
875,2025-12-17 16:38:17,2025-12-17 16:38:36,18.3
876,2025-12-17 16:38:22,2025-12-17 16:39:03,40.3
863,2025-12-17 16:37:10,2025-12-17 16:39:07,117.38
879,2025-12-17 16:38:54,2025-12-17 16:39:13,19.56
877,2025-12-17 16:38:37,2025-12-17 16:39:17,39.79
870,2025-12-17 16:37:40,2025-12-17 16:39:19,98.86
880,2025-12-17 16:39:15,2025-12-17 16:39:46,30.49
878,2025-12-17 16:38:51,2025-12-17 16:39:51,59.91
861,2025-12-17 16:37:10,2025-12-17 16:40:27,197.55
884,2025-12-17 16:40:11,2025-12-17 16:40:28,17.86
853,2025-12-17 16:36:16,2025-12-17 16:40:39,262.68
886,2025-12-17 16:40:22,2025-12-17 16:40:40,18.1
887,2025-12-17 16:40:37,2025-12-17 16:40:59,22.41
889,2025-12-17 16:40:43,2025-12-17 16:41:00,17.78
890,2025-12-17 16:40:53,2025-12-17 16:41:11,17.89
883,2025-12-17 16:40:10,2025-12-17 16:41:21,70.99
891,2025-12-17 16:40:56,2025-12-17 16:41:25,29.49
882,2025-12-17 16:39:47,2025-12-17 16:41:26,99.25
892,2025-12-17 16:40:56,2025-12-17 16:41:32,35.97
894,2025-12-17 16:41:29,2025-12-17 16:41:47,17.91
893,2025-12-17 16:41:07,2025-12-17 16:41:51,44.67
896,2025-12-17 16:41:35,2025-12-17 16:41:53,18.05
897,2025-12-17 16:41:40,2025-12-17 16:42:06,25.33
898,2025-12-17 16:41:51,2025-12-17 16:42:09,18.48
900,2025-12-17 16:41:54,2025-12-17 16:42:12,17.82
901,2025-12-17 16:41:55,2025-12-17 16:42:13,17.9
902,2025-12-17 16:42:12,2025-12-17 16:42:31,19.49
903,2025-12-17 16:42:13,2025-12-17 16:42:32,18.36
899,2025-12-17 16:41:53,2025-12-17 16:42:36,43.82
904,2025-12-17 16:42:20,2025-12-17 16:42:53,32.22
895,2025-12-17 16:41:33,2025-12-17 16:42:54,80.36
881,2025-12-17 16:39:22,2025-12-17 16:42:57,214.8
905,2025-12-17 16:42:37,2025-12-17 16:43:12,34.97
908,2025-12-17 16:43:35,2025-12-17 16:43:53,17.62
909,2025-12-17 16:43:35,2025-12-17 16:44:28,52.78
910,2025-12-17 16:44:10,2025-12-17 16:44:28,17.72
907,2025-12-17 16:43:34,2025-12-17 16:44:31,57.5
906,2025-12-17 16:43:00,2025-12-17 16:44:54,114.09
912,2025-12-17 16:44:37,2025-12-17 16:44:55,17.82
888,2025-12-17 16:40:40,2025-12-17 16:45:14,273.72
913,2025-12-17 16:45:04,2025-12-17 16:45:21,17.89
914,2025-12-17 16:45:11,2025-12-17 16:45:30,18.41
885,2025-12-17 16:40:19,2025-12-17 16:46:13,354.69
916,2025-12-17 16:45:38,2025-12-17 16:46:22,44.49
920,2025-12-17 16:46:20,2025-12-17 16:46:43,23.56
921,2025-12-17 16:46:30,2025-12-17 16:46:51,21.67
923,2025-12-17 16:46:34,2025-12-17 16:46:53,18.92
922,2025-12-17 16:46:34,2025-12-17 16:46:57,22.43
925,2025-12-17 16:46:57,2025-12-17 16:47:15,17.68
919,2025-12-17 16:46:19,2025-12-17 16:47:27,68.49
917,2025-12-17 16:45:50,2025-12-17 16:47:32,102.32
832,2025-12-17 16:32:55,2025-12-17 16:47:43,888.12
926,2025-12-17 16:47:21,2025-12-17 16:47:43,21.95
918,2025-12-17 16:46:18,2025-12-17 16:48:13,115.02
929,2025-12-17 16:47:47,2025-12-17 16:48:15,28.04
931,2025-12-17 16:48:03,2025-12-17 16:48:21,17.95
927,2025-12-17 16:47:39,2025-12-17 16:48:47,67.89
932,2025-12-17 16:48:23,2025-12-17 16:48:50,26.71
911,2025-12-17 16:44:34,2025-12-17 16:49:05,270.28
915,2025-12-17 16:45:24,2025-12-17 16:49:18,233.62
930,2025-12-17 16:47:51,2025-12-17 16:49:45,114.19
939,2025-12-17 16:49:43,2025-12-17 16:50:03,20.63
936,2025-12-17 16:49:36,2025-12-17 16:50:12,35.26
937,2025-12-17 16:49:42,2025-12-17 16:50:27,44.72
933,2025-12-17 16:48:33,2025-12-17 16:50:32,118.52
934,2025-12-17 16:49:27,2025-12-17 16:50:38,71.46
924,2025-12-17 16:46:44,2025-12-17 16:51:44,299.66
928,2025-12-17 16:47:47,2025-12-17 16:51:48,241.47
942,2025-12-17 16:51:17,2025-12-17 16:53:35,137.94
935,2025-12-17 16:49:35,2025-12-17 16:53:38,243.0
944,2025-12-17 16:52:28,2025-12-17 16:53:38,69.23
940,2025-12-17 16:50:13,2025-12-17 16:54:50,277.25
943,2025-12-17 16:51:53,2025-12-17 16:55:45,232.31
947,2025-12-17 16:55:24,2025-12-17 16:56:38,73.36
950,2025-12-17 16:55:56,2025-12-17 16:57:17,81.28
946,2025-12-17 16:55:22,2025-12-17 16:57:19,117.13
951,2025-12-17 16:56:17,2025-12-17 16:57:26,69.01
945,2025-12-17 16:52:51,2025-12-17 16:58:14,323.09
948,2025-12-17 16:55:24,2025-12-17 16:58:32,187.23
952,2025-12-17 16:59:58,2025-12-17 17:02:30,152.53
953,2025-12-17 17:00:48,2025-12-17 17:03:25,156.69
955,2025-12-17 17:02:37,2025-12-17 17:03:44,67.04
956,2025-12-17 17:02:39,2025-12-17 17:03:44,64.98
957,2025-12-17 17:02:45,2025-12-17 17:03:51,65.52
941,2025-12-17 16:50:44,2025-12-17 17:03:58,794.31
958,2025-12-17 17:03:53,2025-12-17 17:05:40,106.58
960,2025-12-17 17:05:23,2025-12-17 17:07:15,111.81
954,2025-12-17 17:02:30,2025-12-17 17:07:20,289.15
959,2025-12-17 17:04:45,2025-12-17 17:08:49,243.98
962,2025-12-17 17:09:12,2025-12-17 17:12:27,194.32
949,2025-12-17 16:55:50,2025-12-17 17:13:18,1048.42
964,2025-12-17 17:11:18,2025-12-17 17:13:42,144.52
965,2025-12-17 17:13:36,2025-12-17 17:14:42,65.97
967,2025-12-17 17:14:18,2025-12-17 17:15:30,71.14
963,2025-12-17 17:09:50,2025-12-17 17:17:10,439.68
970,2025-12-17 17:16:47,2025-12-17 17:18:24,96.68
969,2025-12-17 17:16:09,2025-12-17 17:18:31,142.17
968,2025-12-17 17:14:38,2025-12-17 17:20:06,328.58
971,2025-12-17 17:17:08,2025-12-17 17:20:23,195.39
966,2025-12-17 17:13:54,2025-12-17 17:21:21,447.06
974,2025-12-17 17:19:55,2025-12-17 17:21:26,90.36
973,2025-12-17 17:17:50,2025-12-17 17:21:41,230.69
972,2025-12-17 17:17:27,2025-12-17 17:23:24,356.28
977,2025-12-17 17:21:55,2025-12-17 17:23:28,93.54
975,2025-12-17 17:20:30,2025-12-17 17:25:12,282.04
979,2025-12-17 17:25:16,2025-12-17 17:26:23,67.25
938,2025-12-17 16:49:42,2025-12-17 17:27:09,2246.65
982,2025-12-17 17:28:16,2025-12-17 17:29:24,67.33
980,2025-12-17 17:28:12,2025-12-17 17:29:34,81.4
961,2025-12-17 17:08:10,2025-12-17 17:30:21,1330.19
987,2025-12-17 17:34:27,2025-12-17 17:35:33,66.67
985,2025-12-17 17:34:10,2025-12-17 17:35:42,92.62
988,2025-12-17 17:34:33,2025-12-17 17:37:27,174.16
989,2025-12-17 17:35:33,2025-12-17 17:37:34,120.05
990,2025-12-17 17:36:34,2025-12-17 17:38:34,120.26
992,2025-12-17 17:37:58,2025-12-17 17:39:19,80.81
976,2025-12-17 17:21:19,2025-12-17 17:39:30,1091.81
986,2025-12-17 17:34:18,2025-12-17 17:39:30,312.12
978,2025-12-17 17:23:44,2025-12-17 17:40:50,1026.36
